{
    "gt": "subdirs/gt",
    "ocr": "subdirs/ocr",

    "cer": 0.07142857142857142,
    "wer": 0.3333333333333333,


    "n_characters": 28,
    "n_words": 6
}